time,sym,bid,ask,bsize,asize
0D21:12:35.650656000,TEST.T,341.2757,341.3268,858,522  
0D21:12:35.650656000,BTC.N,45.14814,45.15241,585,257  
0D21:12:35.650656000,RR.R,341.2764,341.3236,865,694  
0D21:12:35.650656000,CONR.B,600.1717,600.2138,344,934  
0D21:12:35.650656000,MS.O,191.0926,191.1113,177,935  
0D21:12:35.650656000,JPM.X,178.493,178.5151,238,64   
0D21:12:35.650656000,JEN.OQ,45.14574,45.15442,890,414  
